Joint 1,Joint 2,Joint 3,Joint 4,Joint 5,Joint 6,Joint 7
0.0,0.0,0.0,-1.77,-1.6,1.6,0.9,0.04
0.0,0.0,0.0,-1.77,-1.6,1.6,0.9,0.04
0.0,0.0,0.0,-1.77,-1.6,1.6,0.9,0.015
0.0,0.0,0.0,-1.77,-1.6,1.6,0.9,0.015
0.0,0.0,0.0,-1.77,-1.6,2.6,0.9,0.015
0.0,0.0,0.0,-1.77,-1.6,2.6,0.9,0.015
0.0,0.0,0.0,-2.177,-1.6,2.6,0.9,0.015
0.0,0.0,0.0,-2.177,-1.6,2.6,0.9,0.015
0.107,0.0,0.0,-2.177,-1.6,2.6,0.9,0.015
0.107,0.0,0.0,-2.177,-1.6,2.6,0.9,0.015
0.107,0.515,0.0,-2.177,-1.6,2.6,0.9,0.015
0.107,0.515,0.0,-2.177,-1.6,2.6,0.9,0.015
0.107,0.515,0.0,-2.177,-1.6,2.6,0.9,0.014
0.107,0.515,0.0,-2.177,-1.6,2.6,0.9,0.014
0.107,0.515,0.0,-2.177,-1.6,2.6,0.9,0.013
0.107,0.515,0.0,-2.177,-1.6,2.6,0.9,0.013
0.107,0.515,0.0,-2.177,-1.6,2.6,0.9,0.012
0.107,0.515,0.0,-2.177,-1.6,2.6,0.9,0.012
0.107,0.515,0.0,-2.177,-1.6,2.6,0.9,0.011
0.107,0.515,0.0,-2.177,-1.6,2.6,0.9,0.011
0.107,0.515,0.0,-2.177,-1.6,2.6,0.9,0.01
0.107,0.515,0.0,-2.177,-1.6,2.6,0.9,0.01
0.107,0.515,0.0,-2.177,-1.6,2.6,0.9,0.009
0.107,0.515,0.0,-2.177,-1.6,2.6,0.9,0.009
0.107,0.515,0.0,-2.177,-1.6,2.6,0.9,0.008
0.107,0.515,0.0,-2.177,-1.6,2.6,0.9,0.008
0.107,0.515,0.0,-2.177,-1.6,2.6,0.9,0.007
0.107,0.515,0.0,-2.177,-1.6,2.6,0.9,0.007
0.107,0.515,0.0,-2.177,-1.6,2.6,0.9,0.006
0.107,0.515,0.0,-2.177,-1.6,2.6,0.9,0.006
0.107,0.515,0.0,-2.177,-1.6,2.6,0.9,0.005
0.107,0.515,0.0,-2.177,-1.6,2.6,0.9,0.005
0.107,0.515,0.0,-2.177,-1.6,2.6,0.9,0.004
0.107,0.515,0.0,-2.177,-1.6,2.6,0.9,0.004
0.107,0.515,0.0,-2.177,-1.6,2.6,0.9,0.003
0.107,0.515,0.0,-2.177,-1.6,2.6,0.9,0.003
0.107,0.515,0.0,-2.177,-1.6,2.6,0.9,0.002
0.107,0.515,0.0,-2.177,-1.6,2.6,0.9,0.002
0.107,0.514,0.0,-2.177,-1.6,2.6,0.9,0.002
0.107,0.514,0.0,-2.177,-1.6,2.6,0.9,0.002
0.107,0.513,0.0,-2.177,-1.6,2.6,0.9,0.002
0.107,0.513,0.0,-2.177,-1.6,2.6,0.9,0.002
0.107,0.512,0.0,-2.177,-1.6,2.6,0.9,0.002
0.107,0.512,0.0,-2.177,-1.6,2.6,0.9,0.002
0.107,0.512,0.0,-2.178,-1.6,2.6,0.9,0.002
0.107,0.512,0.0,-2.178,-1.6,2.6,0.9,0.002
0.107,0.512,0.0,-2.179,-1.6,2.6,0.9,0.002
0.107,0.512,0.0,-2.179,-1.6,2.6,0.9,0.002
0.107,0.511,0.0,-2.179,-1.6,2.6,0.9,0.002
0.107,0.511,0.0,-2.179,-1.6,2.6,0.9,0.002
0.107,0.51,0.0,-2.179,-1.6,2.6,0.9,0.002
0.107,0.51,0.0,-2.179,-1.6,2.6,0.9,0.002
0.107,0.51,0.0,-2.18,-1.6,2.6,0.9,0.002
0.107,0.51,0.0,-2.18,-1.6,2.6,0.9,0.002
0.107,0.51,0.0,-2.181,-1.6,2.6,0.9,0.002
0.107,0.51,0.0,-2.181,-1.6,2.6,0.9,0.002
0.107,0.51,0.0,-2.182,-1.6,2.6,0.9,0.002
0.107,0.51,0.0,-2.182,-1.6,2.6,0.9,0.002
0.107,0.509,0.0,-2.182,-1.6,2.6,0.9,0.002
0.107,0.509,0.0,-2.182,-1.6,2.6,0.9,0.002
0.107,0.508,0.0,-2.182,-1.6,2.6,0.9,0.002
0.107,0.508,0.0,-2.182,-1.6,2.6,0.9,0.002
0.107,0.508,0.0,-2.183,-1.6,2.6,0.9,0.002
0.107,0.508,0.0,-2.183,-1.6,2.6,0.9,0.002
0.107,0.508,0.0,-2.184,-1.6,2.6,0.9,0.002
0.107,0.508,0.0,-2.184,-1.6,2.6,0.9,0.002
0.107,0.508,0.0,-2.185,-1.6,2.6,0.9,0.002
0.107,0.508,0.0,-2.185,-1.6,2.6,0.9,0.002
0.107,0.507,0.0,-2.185,-1.6,2.6,0.9,0.002
0.107,0.507,0.0,-2.185,-1.6,2.6,0.9,0.002
0.107,0.506,0.0,-2.185,-1.6,2.6,0.9,0.002
0.107,0.506,0.0,-2.185,-1.6,2.6,0.9,0.002
0.107,0.506,0.0,-2.186,-1.6,2.6,0.9,0.002
0.107,0.506,0.0,-2.186,-1.6,2.6,0.9,0.002
0.107,0.506,0.0,-2.187,-1.6,2.6,0.9,0.002
0.107,0.506,0.0,-2.187,-1.6,2.6,0.9,0.002
0.107,0.505,0.0,-2.187,-1.6,2.6,0.9,0.002
0.107,0.505,0.0,-2.187,-1.6,2.6,0.9,0.002
0.107,0.504,0.0,-2.187,-1.6,2.6,0.9,0.002
0.107,0.504,0.0,-2.187,-1.6,2.6,0.9,0.002
0.107,0.504,0.0,-2.188,-1.6,2.6,0.9,0.002
0.107,0.504,0.0,-2.188,-1.6,2.6,0.9,0.002
0.107,0.504,0.0,-2.189,-1.6,2.6,0.9,0.002
0.107,0.504,0.0,-2.189,-1.6,2.6,0.9,0.002
0.107,0.503,0.0,-2.189,-1.6,2.6,0.9,0.002
0.107,0.503,0.0,-2.189,-1.6,2.6,0.9,0.002
0.107,0.502,0.0,-2.189,-1.6,2.6,0.9,0.002
0.107,0.502,0.0,-2.189,-1.6,2.6,0.9,0.002
0.107,0.502,0.0,-2.19,-1.6,2.6,0.9,0.002
0.107,0.502,0.0,-2.19,-1.6,2.6,0.9,0.002
0.107,0.502,0.0,-2.191,-1.6,2.6,0.9,0.002
0.107,0.502,0.0,-2.191,-1.6,2.6,0.9,0.002
0.107,0.501,0.0,-2.191,-1.6,2.6,0.9,0.002
0.107,0.501,0.0,-2.191,-1.6,2.6,0.9,0.002
0.107,0.5,0.0,-2.191,-1.6,2.6,0.9,0.002
0.107,0.5,0.0,-2.191,-1.6,2.6,0.9,0.002
0.107,0.5,0.0,-2.192,-1.6,2.6,0.9,0.002
0.107,0.5,0.0,-2.192,-1.6,2.6,0.9,0.002
0.107,0.5,0.0,-2.193,-1.6,2.6,0.9,0.002
0.107,0.5,0.0,-2.193,-1.6,2.6,0.9,0.002
0.107,0.5,0.0,-2.194,-1.6,2.6,0.9,0.002
0.107,0.5,0.0,-2.194,-1.6,2.6,0.9,0.002
0.107,0.5,0.0,-2.195,-1.6,2.6,0.9,0.002
0.107,0.5,0.0,-2.195,-1.6,2.6,0.9,0.002
0.107,0.499,0.0,-2.195,-1.6,2.6,0.9,0.002
0.107,0.499,0.0,-2.195,-1.6,2.6,0.9,0.002
0.107,0.498,0.0,-2.195,-1.6,2.6,0.9,0.002
0.107,0.498,0.0,-2.195,-1.6,2.6,0.9,0.002
0.107,0.498,0.0,-2.196,-1.6,2.6,0.9,0.002
0.107,0.498,0.0,-2.196,-1.6,2.6,0.9,0.002
0.107,0.498,0.0,-2.197,-1.6,2.6,0.9,0.002
0.107,0.498,0.0,-2.197,-1.6,2.6,0.9,0.002
0.107,0.498,0.0,-2.198,-1.6,2.6,0.9,0.002
0.107,0.498,0.0,-2.198,-1.6,2.6,0.9,0.002
0.107,0.497,0.0,-2.198,-1.6,2.6,0.9,0.002
0.107,0.497,0.0,-2.198,-1.6,2.6,0.9,0.002
0.107,0.496,0.0,-2.198,-1.6,2.6,0.9,0.002
0.107,0.496,0.0,-2.198,-1.6,2.6,0.9,0.002
0.107,0.496,0.0,-2.199,-1.6,2.6,0.9,0.002
0.107,0.496,0.0,-2.199,-1.6,2.6,0.9,0.002
0.107,0.496,0.0,-2.2,-1.6,2.6,0.9,0.002
0.107,0.496,0.0,-2.2,-1.6,2.6,0.9,0.002
0.107,0.495,0.0,-2.2,-1.6,2.6,0.9,0.002
0.107,0.495,0.0,-2.2,-1.6,2.6,0.9,0.002
0.107,0.494,0.0,-2.2,-1.6,2.6,0.9,0.002
0.107,0.494,0.0,-2.2,-1.6,2.6,0.9,0.002
0.107,0.494,0.0,-2.201,-1.6,2.6,0.9,0.002
0.107,0.494,0.0,-2.201,-1.6,2.6,0.9,0.002
0.107,0.494,0.0,-2.202,-1.6,2.6,0.9,0.002
0.107,0.494,0.0,-2.202,-1.6,2.6,0.9,0.002
0.107,0.493,0.0,-2.202,-1.6,2.6,0.9,0.002
0.107,0.493,0.0,-2.202,-1.6,2.6,0.9,0.002
0.107,0.492,0.0,-2.202,-1.6,2.6,0.9,0.002
0.107,0.492,0.0,-2.202,-1.6,2.6,0.9,0.002
0.107,0.492,0.0,-2.203,-1.6,2.6,0.9,0.002
0.107,0.492,0.0,-2.203,-1.6,2.6,0.9,0.002
0.107,0.492,0.0,-2.204,-1.6,2.6,0.9,0.002
0.107,0.492,0.0,-2.204,-1.6,2.6,0.9,0.002
0.107,0.491,0.0,-2.204,-1.6,2.6,0.9,0.002
0.107,0.491,0.0,-2.204,-1.6,2.6,0.9,0.002
0.107,0.49,0.0,-2.204,-1.6,2.6,0.9,0.002
0.107,0.49,0.0,-2.204,-1.6,2.6,0.9,0.002
0.107,0.49,0.0,-2.205,-1.6,2.6,0.9,0.002
0.107,0.49,0.0,-2.205,-1.6,2.6,0.9,0.002
0.107,0.49,0.0,-2.206,-1.6,2.6,0.9,0.002
0.107,0.49,0.0,-2.206,-1.6,2.6,0.9,0.002
0.107,0.489,0.0,-2.206,-1.6,2.6,0.9,0.002
0.107,0.489,0.0,-2.206,-1.6,2.6,0.9,0.002
0.107,0.488,0.0,-2.206,-1.6,2.6,0.9,0.002
0.107,0.488,0.0,-2.206,-1.6,2.6,0.9,0.002
0.107,0.488,0.0,-2.207,-1.6,2.6,0.9,0.002
0.107,0.488,0.0,-2.207,-1.6,2.6,0.9,0.002
0.107,0.488,0.0,-2.208,-1.6,2.6,0.9,0.002
0.107,0.488,0.0,-2.208,-1.6,2.6,0.9,0.002
0.107,0.498,0.0,-2.208,-1.6,2.6,0.9,0.002
0.107,0.488,0.0,-2.208,-1.6,2.6,0.9,0.002
0.107,0.478,0.0,-2.208,-1.6,2.6,0.9,0.002
0.107,0.468,0.0,-2.208,-1.6,2.6,0.9,0.002
0.107,0.458,0.0,-2.208,-1.6,2.6,0.9,0.002
0.107,0.448,0.0,-2.208,-1.6,2.6,0.9,0.002
0.107,0.448,0.0,-2.208,-1.6,2.6,0.89,0.002
0.107,0.448,0.0,-2.208,-1.6,2.6,0.88,0.002
0.107,0.448,0.0,-2.208,-1.6,2.6,0.87,0.002
0.107,0.448,0.0,-2.208,-1.6,2.6,0.86,0.002
0.107,0.448,0.0,-2.208,-1.6,2.6,0.85,0.002
0.107,0.448,0.0,-2.208,-1.6,2.6,0.84,0.002
0.107,0.448,0.0,-2.208,-1.6,2.6,0.83,0.002
0.107,0.448,0.0,-2.208,-1.6,2.6,0.82,0.002
0.107,0.448,0.0,-2.208,-1.6,2.6,0.81,0.002
0.107,0.448,0.0,-2.208,-1.6,2.6,0.8,0.002
0.107,0.448,0.0,-2.208,-1.6,2.6,0.79,0.002
0.107,0.448,0.0,-2.208,-1.6,2.6,0.78,0.002
0.107,0.448,0.0,-2.208,-1.6,2.6,0.77,0.002
0.107,0.448,0.0,-2.208,-1.6,2.6,0.76,0.002
0.107,0.448,0.0,-2.208,-1.6,2.6,0.75,0.002
0.107,0.448,0.0,-2.208,-1.6,2.6,0.74,0.002
0.107,0.448,0.0,-2.208,-1.6,2.6,0.73,0.002
0.107,0.448,0.0,-2.208,-1.6,2.6,0.72,0.002
0.107,0.448,0.0,-2.208,-1.6,2.6,0.71,0.002
0.107,0.448,0.0,-2.208,-1.6,2.6,0.7,0.002
0.107,0.448,0.0,-2.208,-1.6,2.6,0.69,0.002
0.107,0.448,0.0,-2.208,-1.6,2.6,0.68,0.002
0.107,0.448,0.0,-2.208,-1.6,2.6,0.667,0.002
0.107,0.448,0.0,-2.208,-1.6,2.6,0.524,0.002
0.107,0.448,0.0,-2.208,-1.6,2.6,0.421,0.002
0.107,0.448,0.0,-2.208,-1.6,2.6,0.277,0.002
0.107,0.448,0.0,-2.208,-1.6,2.6,0.257,0.002
0.107,0.448,0.0,-2.208,-1.6,2.6,0.092,0.002
0.107,0.448,0.0,-2.208,-1.6,2.6,0.01,0.002
0.107,0.448,0.0,-2.208,-1.6,2.6,-0.072,0.002
0.107,0.448,0.0,-2.208,-1.6,2.6,-0.236,0.002
0.107,0.448,0.0,-2.208,-1.6,2.6,-0.257,0.002
0.107,0.448,0.0,-2.208,-1.6,2.6,-0.38,0.002
0.107,0.448,0.0,-2.208,-1.6,2.6,-0.4,0.002
0.107,0.448,0.0,-2.208,-1.6,2.6,-0.503,0.002
0.107,0.448,0.0,-2.208,-1.6,2.6,-0.524,0.002
0.107,0.448,0.0,-2.208,-1.6,2.6,-0.606,0.002
0.107,0.448,0.0,-2.208,-1.6,2.6,-0.647,0.002
0.107,0.448,0.0,-2.208,-1.6,2.6,-0.811,0.002
0.107,0.448,0.0,-2.208,-1.6,2.6,-0.873,0.002
0.107,0.449,0.0,-2.208,-1.6,2.6,-0.873,0.002
0.107,0.449,0.0,-2.208,-1.6,2.6,-0.873,0.002
0.107,0.45,0.0,-2.208,-1.6,2.6,-0.873,0.002
0.107,0.45,0.0,-2.208,-1.6,2.6,-0.873,0.002
0.107,0.451,0.0,-2.208,-1.6,2.6,-0.873,0.002
0.107,0.451,0.0,-2.208,-1.6,2.6,-0.873,0.002
0.107,0.452,0.0,-2.208,-1.6,2.6,-0.873,0.002
0.107,0.452,0.0,-2.208,-1.6,2.6,-0.873,0.002
0.107,0.453,0.0,-2.208,-1.6,2.6,-0.873,0.002
0.107,0.453,0.0,-2.208,-1.6,2.6,-0.873,0.002
0.107,0.453,0.001,-2.208,-1.6,2.6,-0.873,0.002
0.107,0.453,0.001,-2.208,-1.6,2.6,-0.873,0.002
0.107,0.453,0.0,-2.208,-1.6,2.6,-0.873,0.002
0.107,0.453,0.0,-2.208,-1.6,2.6,-0.873,0.002
0.107,0.453,-0.01,-2.208,-1.6,2.6,-0.873,0.002
0.107,0.453,-0.02,-2.208,-1.6,2.6,-0.873,0.002
0.107,0.453,-0.03,-2.208,-1.6,2.6,-0.873,0.002
0.107,0.453,-0.04,-2.208,-1.6,2.6,-0.873,0.002
0.107,0.453,-0.05,-2.208,-1.6,2.6,-0.873,0.002
0.107,0.453,-0.06,-2.208,-1.6,2.6,-0.873,0.002
0.107,0.453,-0.07,-2.208,-1.6,2.6,-0.873,0.002
0.107,0.453,-0.08,-2.208,-1.6,2.6,-0.873,0.002
0.107,0.453,-0.09,-2.208,-1.6,2.6,-0.873,0.002
0.107,0.453,-0.1,-2.208,-1.6,2.6,-0.873,0.002
0.107,0.454,-0.1,-2.208,-1.6,2.6,-0.873,0.002
0.107,0.454,-0.1,-2.208,-1.6,2.6,-0.873,0.002
0.107,0.455,-0.1,-2.208,-1.6,2.6,-0.873,0.002
0.107,0.455,-0.1,-2.208,-1.6,2.6,-0.873,0.002
0.107,0.456,-0.1,-2.208,-1.6,2.6,-0.873,0.002
0.107,0.456,-0.1,-2.208,-1.6,2.6,-0.873,0.002
0.107,0.466,-0.1,-2.208,-1.6,2.6,-0.873,0.002
0.107,0.476,-0.1,-2.208,-1.6,2.6,-0.873,0.002
0.107,0.486,-0.1,-2.208,-1.6,2.6,-0.873,0.002
0.107,0.496,-0.1,-2.208,-1.6,2.6,-0.873,0.002
0.107,0.497,-0.1,-2.208,-1.6,2.6,-0.873,0.002
0.107,0.497,-0.1,-2.208,-1.6,2.6,-0.873,0.002
0.107,0.498,-0.1,-2.208,-1.6,2.6,-0.873,0.002
0.107,0.498,-0.1,-2.208,-1.6,2.6,-0.873,0.002
0.107,0.498,-0.099,-2.208,-1.6,2.6,-0.873,0.002
0.107,0.498,-0.099,-2.208,-1.6,2.6,-0.873,0.002
0.107,0.498,-0.098,-2.208,-1.6,2.6,-0.873,0.002
0.107,0.498,-0.098,-2.208,-1.6,2.6,-0.873,0.002
0.107,0.498,-0.097,-2.208,-1.6,2.6,-0.873,0.002
0.107,0.498,-0.097,-2.208,-1.6,2.6,-0.873,0.002
0.107,0.498,-0.096,-2.208,-1.6,2.6,-0.873,0.002
0.107,0.498,-0.096,-2.208,-1.6,2.6,-0.873,0.002
0.107,0.498,-0.095,-2.208,-1.6,2.6,-0.873,0.002
0.107,0.498,-0.095,-2.208,-1.6,2.6,-0.873,0.002
0.107,0.498,-0.094,-2.208,-1.6,2.6,-0.873,0.002
0.107,0.498,-0.094,-2.208,-1.6,2.6,-0.873,0.002
0.107,0.498,-0.093,-2.208,-1.6,2.6,-0.873,0.002
0.107,0.498,-0.093,-2.208,-1.6,2.6,-0.873,0.002
0.107,0.498,-0.092,-2.208,-1.6,2.6,-0.873,0.002
0.107,0.498,-0.092,-2.208,-1.6,2.6,-0.873,0.002
0.107,0.498,-0.091,-2.208,-1.6,2.6,-0.873,0.002
0.107,0.498,-0.091,-2.208,-1.6,2.6,-0.873,0.002
0.107,0.498,-0.09,-2.208,-1.6,2.6,-0.873,0.002
0.107,0.498,-0.09,-2.208,-1.6,2.6,-0.873,0.002
0.107,0.498,-0.089,-2.208,-1.6,2.6,-0.873,0.002
0.107,0.498,-0.089,-2.208,-1.6,2.6,-0.873,0.002
0.107,0.498,-0.088,-2.208,-1.6,2.6,-0.873,0.002
0.107,0.498,-0.088,-2.208,-1.6,2.6,-0.873,0.002
0.107,0.499,-0.088,-2.208,-1.6,2.6,-0.873,0.002
0.107,0.499,-0.088,-2.208,-1.6,2.6,-0.873,0.002
0.107,0.5,-0.088,-2.208,-1.6,2.6,-0.873,0.002
0.107,0.5,-0.088,-2.208,-1.6,2.6,-0.873,0.002
0.107,0.501,-0.088,-2.208,-1.6,2.6,-0.873,0.002
0.107,0.501,-0.088,-2.208,-1.6,2.6,-0.873,0.002
0.107,0.502,-0.088,-2.208,-1.6,2.6,-0.873,0.002
0.107,0.502,-0.088,-2.208,-1.6,2.6,-0.873,0.002
0.107,0.503,-0.088,-2.208,-1.6,2.6,-0.873,0.002
0.107,0.503,-0.088,-2.208,-1.6,2.6,-0.873,0.002
0.107,0.503,-0.088,-2.208,-1.6,2.6,-0.872,0.002
0.107,0.503,-0.088,-2.208,-1.6,2.6,-0.872,0.002
0.107,0.503,-0.088,-2.208,-1.6,2.6,-0.871,0.002
0.107,0.503,-0.088,-2.208,-1.6,2.6,-0.871,0.002
0.107,0.503,-0.088,-2.208,-1.6,2.6,-0.87,0.002
0.107,0.503,-0.088,-2.208,-1.6,2.6,-0.87,0.002
0.107,0.503,-0.088,-2.208,-1.6,2.6,-0.869,0.002
0.107,0.503,-0.088,-2.208,-1.6,2.6,-0.869,0.002
0.107,0.503,-0.088,-2.208,-1.6,2.6,-0.868,0.002
0.107,0.503,-0.088,-2.208,-1.6,2.6,-0.868,0.002
0.107,0.503,-0.088,-2.208,-1.6,2.6,-0.867,0.002
0.107,0.503,-0.088,-2.208,-1.6,2.6,-0.867,0.002
0.107,0.503,-0.088,-2.208,-1.6,2.6,-0.866,0.002
0.107,0.503,-0.088,-2.208,-1.6,2.6,-0.866,0.002
0.107,0.503,-0.088,-2.208,-1.6,2.6,-0.865,0.002
0.107,0.503,-0.088,-2.208,-1.6,2.6,-0.865,0.002
0.107,0.503,-0.088,-2.208,-1.6,2.6,-0.864,0.002
0.107,0.503,-0.088,-2.208,-1.6,2.6,-0.864,0.002
0.107,0.503,-0.088,-2.208,-1.6,2.6,-0.854,0.002
0.107,0.503,-0.088,-2.208,-1.6,2.6,-0.844,0.002
0.107,0.503,-0.088,-2.208,-1.6,2.6,-0.834,0.002
0.107,0.503,-0.088,-2.208,-1.6,2.6,-0.824,0.002
0.107,0.503,-0.088,-2.209,-1.6,2.6,-0.824,0.002
0.107,0.503,-0.088,-2.209,-1.6,2.6,-0.824,0.002
0.107,0.503,-0.088,-2.208,-1.6,2.6,-0.824,0.002
0.107,0.503,-0.088,-2.208,-1.6,2.6,-0.824,0.002
0.107,0.503,-0.088,-2.207,-1.6,2.6,-0.824,0.002
0.107,0.503,-0.088,-2.207,-1.6,2.6,-0.824,0.002
0.107,0.503,-0.088,-2.206,-1.6,2.6,-0.824,0.002
0.107,0.503,-0.088,-2.206,-1.6,2.6,-0.824,0.002
0.107,0.503,-0.088,-2.205,-1.6,2.6,-0.824,0.002
0.107,0.503,-0.088,-2.205,-1.6,2.6,-0.824,0.002
0.107,0.503,-0.088,-2.204,-1.6,2.6,-0.824,0.002
0.107,0.503,-0.088,-2.204,-1.6,2.6,-0.824,0.002
0.107,0.503,-0.088,-2.203,-1.6,2.6,-0.824,0.002
0.107,0.503,-0.088,-2.203,-1.6,2.6,-0.824,0.002
0.107,0.503,-0.088,-2.193,-1.6,2.6,-0.824,0.002
0.107,0.503,-0.088,-2.183,-1.6,2.6,-0.824,0.002
0.107,0.513,-0.088,-2.183,-1.6,2.6,-0.824,0.002
0.107,0.514,-0.088,-2.183,-1.6,2.6,-0.824,0.002
0.107,0.514,-0.088,-2.183,-1.6,2.6,-0.824,0.002
0.107,0.515,-0.088,-2.183,-1.6,2.6,-0.824,0.002
0.107,0.515,-0.088,-2.183,-1.6,2.6,-0.824,0.002
0.107,0.516,-0.088,-2.183,-1.6,2.6,-0.824,0.002
0.107,0.516,-0.088,-2.183,-1.6,2.6,-0.824,0.002
0.107,0.516,-0.087,-2.183,-1.6,2.6,-0.824,0.002
0.107,0.516,-0.087,-2.183,-1.6,2.6,-0.824,0.002
0.107,0.516,-0.086,-2.183,-1.6,2.6,-0.824,0.002
0.107,0.516,-0.086,-2.183,-1.6,2.6,-0.824,0.002
0.107,0.516,-0.085,-2.183,-1.6,2.6,-0.824,0.002
0.107,0.516,-0.085,-2.183,-1.6,2.6,-0.824,0.002
0.107,0.516,-0.084,-2.183,-1.6,2.6,-0.824,0.002
0.107,0.516,-0.084,-2.183,-1.6,2.6,-0.824,0.002
0.107,0.516,-0.083,-2.183,-1.6,2.6,-0.824,0.002
0.107,0.516,-0.083,-2.183,-1.6,2.6,-0.824,0.002
0.107,0.516,-0.082,-2.183,-1.6,2.6,-0.824,0.002
0.107,0.516,-0.082,-2.183,-1.6,2.6,-0.824,0.002
0.107,0.516,-0.081,-2.183,-1.6,2.6,-0.824,0.002
0.107,0.516,-0.081,-2.183,-1.6,2.6,-0.824,0.002
0.107,0.516,-0.08,-2.183,-1.6,2.6,-0.824,0.002
0.107,0.516,-0.08,-2.183,-1.6,2.6,-0.824,0.002
0.107,0.516,-0.079,-2.183,-1.6,2.6,-0.824,0.002
0.107,0.516,-0.079,-2.183,-1.6,2.6,-0.824,0.002
0.107,0.517,-0.079,-2.183,-1.6,2.6,-0.824,0.002
0.107,0.517,-0.079,-2.183,-1.6,2.6,-0.824,0.002
0.107,0.518,-0.079,-2.183,-1.6,2.6,-0.824,0.002
0.107,0.518,-0.079,-2.183,-1.6,2.6,-0.824,0.002
0.107,0.519,-0.079,-2.183,-1.6,2.6,-0.824,0.002
0.107,0.519,-0.079,-2.183,-1.6,2.6,-0.824,0.002
0.107,0.519,-0.078,-2.183,-1.6,2.6,-0.824,0.002
0.107,0.519,-0.078,-2.183,-1.6,2.6,-0.824,0.002
0.107,0.519,-0.077,-2.183,-1.6,2.6,-0.824,0.002
0.107,0.519,-0.077,-2.183,-1.6,2.6,-0.824,0.002
0.107,0.52,-0.077,-2.183,-1.6,2.6,-0.824,0.002
0.107,0.52,-0.077,-2.183,-1.6,2.6,-0.824,0.002
0.107,0.521,-0.077,-2.183,-1.6,2.6,-0.824,0.002
0.107,0.521,-0.077,-2.183,-1.6,2.6,-0.824,0.002
0.107,0.521,-0.076,-2.183,-1.6,2.6,-0.824,0.002
0.107,0.521,-0.076,-2.183,-1.6,2.6,-0.824,0.002
0.107,0.521,-0.075,-2.183,-1.6,2.6,-0.824,0.002
0.107,0.521,-0.075,-2.183,-1.6,2.6,-0.824,0.002
0.107,0.521,-0.074,-2.183,-1.6,2.6,-0.824,0.002
0.107,0.521,-0.074,-2.183,-1.6,2.6,-0.824,0.002
0.107,0.522,-0.074,-2.183,-1.6,2.6,-0.824,0.002
0.107,0.522,-0.074,-2.183,-1.6,2.6,-0.824,0.002
0.107,0.523,-0.074,-2.183,-1.6,2.6,-0.824,0.002
0.107,0.523,-0.074,-2.183,-1.6,2.6,-0.824,0.002
0.107,0.523,-0.073,-2.183,-1.6,2.6,-0.824,0.002
0.107,0.523,-0.073,-2.183,-1.6,2.6,-0.824,0.002
0.107,0.523,-0.072,-2.183,-1.6,2.6,-0.824,0.002
0.107,0.523,-0.072,-2.183,-1.6,2.6,-0.824,0.002
0.107,0.523,-0.071,-2.183,-1.6,2.6,-0.824,0.002
0.107,0.523,-0.071,-2.183,-1.6,2.6,-0.824,0.002
0.107,0.523,-0.07,-2.183,-1.6,2.6,-0.824,0.002
0.107,0.523,-0.07,-2.183,-1.6,2.6,-0.824,0.002
0.107,0.523,-0.069,-2.183,-1.6,2.6,-0.824,0.002
0.107,0.523,-0.069,-2.183,-1.6,2.6,-0.824,0.002
0.107,0.524,-0.069,-2.183,-1.6,2.6,-0.824,0.002
0.107,0.524,-0.069,-2.183,-1.6,2.6,-0.824,0.002
0.107,0.524,-0.068,-2.183,-1.6,2.6,-0.824,0.002
0.107,0.524,-0.068,-2.183,-1.6,2.6,-0.824,0.002
0.107,0.524,-0.067,-2.183,-1.6,2.6,-0.824,0.002
0.107,0.524,-0.067,-2.183,-1.6,2.6,-0.824,0.002
0.107,0.525,-0.067,-2.183,-1.6,2.6,-0.824,0.002
0.107,0.525,-0.067,-2.183,-1.6,2.6,-0.824,0.002
0.107,0.525,-0.066,-2.183,-1.6,2.6,-0.824,0.002
0.107,0.525,-0.066,-2.183,-1.6,2.6,-0.824,0.002
0.107,0.525,-0.065,-2.183,-1.6,2.6,-0.824,0.002
0.107,0.525,-0.065,-2.183,-1.6,2.6,-0.824,0.002
0.107,0.525,-0.064,-2.183,-1.6,2.6,-0.824,0.002
0.107,0.525,-0.064,-2.183,-1.6,2.6,-0.824,0.002
0.107,0.525,-0.063,-2.183,-1.6,2.6,-0.824,0.002
0.107,0.525,-0.063,-2.183,-1.6,2.6,-0.824,0.002
0.107,0.525,-0.062,-2.183,-1.6,2.6,-0.824,0.002
0.107,0.525,-0.062,-2.183,-1.6,2.6,-0.824,0.002
0.107,0.525,-0.061,-2.183,-1.6,2.6,-0.824,0.002
0.107,0.525,-0.061,-2.183,-1.6,2.6,-0.824,0.002
0.107,0.525,-0.06,-2.183,-1.6,2.6,-0.824,0.002
0.107,0.525,-0.06,-2.183,-1.6,2.6,-0.824,0.002
0.107,0.525,-0.059,-2.183,-1.6,2.6,-0.824,0.002
0.107,0.525,-0.059,-2.183,-1.6,2.6,-0.824,0.002
0.107,0.525,-0.058,-2.183,-1.6,2.6,-0.824,0.002
0.107,0.525,-0.058,-2.183,-1.6,2.6,-0.824,0.002
0.107,0.525,-0.057,-2.183,-1.6,2.6,-0.824,0.002
0.107,0.525,-0.057,-2.183,-1.6,2.6,-0.824,0.002
0.107,0.525,-0.056,-2.183,-1.6,2.6,-0.824,0.002
0.107,0.525,-0.056,-2.183,-1.6,2.6,-0.824,0.002
0.107,0.525,-0.055,-2.183,-1.6,2.6,-0.824,0.002
0.107,0.525,-0.055,-2.183,-1.6,2.6,-0.824,0.002
0.107,0.525,-0.054,-2.183,-1.6,2.6,-0.824,0.002
0.107,0.525,-0.054,-2.183,-1.6,2.6,-0.824,0.002
0.107,0.525,-0.053,-2.183,-1.6,2.6,-0.824,0.002
0.107,0.525,-0.053,-2.183,-1.6,2.6,-0.824,0.002
0.107,0.525,-0.052,-2.183,-1.6,2.6,-0.824,0.002
0.107,0.525,-0.052,-2.183,-1.6,2.6,-0.824,0.002
0.107,0.525,-0.051,-2.183,-1.6,2.6,-0.824,0.002
0.107,0.525,-0.051,-2.183,-1.6,2.6,-0.824,0.002
0.107,0.525,-0.05,-2.183,-1.6,2.6,-0.824,0.002
0.107,0.525,-0.05,-2.183,-1.6,2.6,-0.824,0.002
0.107,0.525,-0.049,-2.183,-1.6,2.6,-0.824,0.002
0.107,0.525,-0.049,-2.183,-1.6,2.6,-0.824,0.002
0.107,0.525,-0.048,-2.183,-1.6,2.6,-0.824,0.002
0.107,0.525,-0.048,-2.183,-1.6,2.6,-0.824,0.002
0.107,0.524,-0.048,-2.183,-1.6,2.6,-0.824,0.002
0.107,0.524,-0.048,-2.183,-1.6,2.6,-0.824,0.002
0.107,0.523,-0.048,-2.183,-1.6,2.6,-0.824,0.002
0.107,0.523,-0.048,-2.183,-1.6,2.6,-0.824,0.002
0.107,0.522,-0.048,-2.183,-1.6,2.6,-0.824,0.002
0.107,0.522,-0.048,-2.183,-1.6,2.6,-0.824,0.002
0.107,0.521,-0.048,-2.183,-1.6,2.6,-0.824,0.002
0.107,0.521,-0.048,-2.183,-1.6,2.6,-0.824,0.002
0.107,0.52,-0.048,-2.183,-1.6,2.6,-0.824,0.002
0.107,0.52,-0.048,-2.183,-1.6,2.6,-0.824,0.002
0.107,0.519,-0.048,-2.183,-1.6,2.6,-0.824,0.002
0.107,0.519,-0.048,-2.183,-1.6,2.6,-0.824,0.002
0.107,0.518,-0.048,-2.183,-1.6,2.6,-0.824,0.002
0.107,0.518,-0.048,-2.183,-1.6,2.6,-0.824,0.002
0.107,0.517,-0.048,-2.183,-1.6,2.6,-0.824,0.002
0.107,0.517,-0.048,-2.183,-1.6,2.6,-0.824,0.002
0.107,0.516,-0.048,-2.183,-1.6,2.6,-0.824,0.002
0.107,0.516,-0.048,-2.183,-1.6,2.6,-0.824,0.002
0.107,0.515,-0.048,-2.183,-1.6,2.6,-0.824,0.002
0.107,0.515,-0.048,-2.183,-1.6,2.6,-0.824,0.002
0.107,0.514,-0.048,-2.183,-1.6,2.6,-0.824,0.002
0.107,0.514,-0.048,-2.183,-1.6,2.6,-0.824,0.002
0.107,0.513,-0.048,-2.183,-1.6,2.6,-0.824,0.002
0.107,0.513,-0.048,-2.183,-1.6,2.6,-0.824,0.002
0.107,0.512,-0.048,-2.183,-1.6,2.6,-0.824,0.002
0.107,0.512,-0.048,-2.183,-1.6,2.6,-0.824,0.002
0.107,0.512,-0.047,-2.183,-1.6,2.6,-0.824,0.002
0.107,0.512,-0.047,-2.183,-1.6,2.6,-0.824,0.002
0.107,0.512,-0.046,-2.183,-1.6,2.6,-0.824,0.002
0.107,0.512,-0.046,-2.183,-1.6,2.6,-0.824,0.002
0.107,0.512,-0.045,-2.183,-1.6,2.6,-0.824,0.002
0.107,0.512,-0.045,-2.183,-1.6,2.6,-0.824,0.002
0.107,0.512,-0.044,-2.183,-1.6,2.6,-0.824,0.002
0.107,0.512,-0.044,-2.183,-1.6,2.6,-0.824,0.002
0.107,0.512,-0.043,-2.183,-1.6,2.6,-0.824,0.002
0.107,0.512,-0.043,-2.183,-1.6,2.6,-0.824,0.002
0.107,0.512,-0.042,-2.183,-1.6,2.6,-0.824,0.002
0.107,0.512,-0.042,-2.183,-1.6,2.6,-0.824,0.002
0.107,0.512,-0.041,-2.183,-1.6,2.6,-0.824,0.002
0.107,0.512,-0.041,-2.183,-1.6,2.6,-0.824,0.002
0.107,0.512,-0.04,-2.183,-1.6,2.6,-0.824,0.002
0.107,0.512,-0.04,-2.183,-1.6,2.6,-0.824,0.002
0.107,0.512,-0.039,-2.183,-1.6,2.6,-0.824,0.002
0.107,0.512,-0.039,-2.183,-1.6,2.6,-0.824,0.002
0.107,0.512,-0.038,-2.183,-1.6,2.6,-0.824,0.002
0.107,0.512,-0.038,-2.183,-1.6,2.6,-0.824,0.002
0.107,0.512,-0.037,-2.183,-1.6,2.6,-0.824,0.002
0.107,0.512,-0.037,-2.183,-1.6,2.6,-0.824,0.002
0.107,0.512,-0.036,-2.183,-1.6,2.6,-0.824,0.002
0.107,0.512,-0.036,-2.183,-1.6,2.6,-0.824,0.002
0.107,0.512,-0.035,-2.183,-1.6,2.6,-0.824,0.002
0.107,0.512,-0.035,-2.183,-1.6,2.6,-0.824,0.002
0.107,0.512,-0.034,-2.183,-1.6,2.6,-0.824,0.002
0.107,0.512,-0.034,-2.183,-1.6,2.6,-0.824,0.002
0.107,0.512,-0.035,-2.183,-1.6,2.6,-0.824,0.002
0.107,0.512,-0.035,-2.183,-1.6,2.6,-0.824,0.002
0.107,0.511,-0.035,-2.183,-1.6,2.6,-0.824,0.002
0.107,0.511,-0.035,-2.183,-1.6,2.6,-0.824,0.002
0.107,0.51,-0.035,-2.183,-1.6,2.6,-0.824,0.002
0.107,0.51,-0.035,-2.183,-1.6,2.6,-0.824,0.002
0.107,0.509,-0.035,-2.183,-1.6,2.6,-0.824,0.002
0.107,0.509,-0.035,-2.183,-1.6,2.6,-0.824,0.002
0.107,0.508,-0.035,-2.183,-1.6,2.6,-0.824,0.002
0.107,0.508,-0.035,-2.183,-1.6,2.6,-0.824,0.002
0.107,0.507,-0.035,-2.183,-1.6,2.6,-0.824,0.002
0.107,0.507,-0.035,-2.183,-1.6,2.6,-0.824,0.002
0.107,0.506,-0.035,-2.183,-1.6,2.6,-0.824,0.002
0.107,0.506,-0.035,-2.183,-1.6,2.6,-0.824,0.002
0.107,0.505,-0.035,-2.183,-1.6,2.6,-0.824,0.002
0.107,0.505,-0.035,-2.183,-1.6,2.6,-0.824,0.002
0.107,0.504,-0.035,-2.183,-1.6,2.6,-0.824,0.002
0.107,0.504,-0.035,-2.183,-1.6,2.6,-0.824,0.002
0.107,0.503,-0.035,-2.183,-1.6,2.6,-0.824,0.002
0.107,0.503,-0.035,-2.183,-1.6,2.6,-0.824,0.002
0.107,0.502,-0.035,-2.183,-1.6,2.6,-0.824,0.002
0.107,0.502,-0.035,-2.183,-1.6,2.6,-0.824,0.002
0.107,0.501,-0.035,-2.183,-1.6,2.6,-0.824,0.002
0.107,0.501,-0.035,-2.183,-1.6,2.6,-0.824,0.002
0.107,0.5,-0.035,-2.183,-1.6,2.6,-0.824,0.002
0.107,0.5,-0.035,-2.183,-1.6,2.6,-0.824,0.002
0.107,0.499,-0.035,-2.183,-1.6,2.6,-0.824,0.002
0.107,0.499,-0.035,-2.183,-1.6,2.6,-0.824,0.002
0.107,0.498,-0.035,-2.183,-1.6,2.6,-0.824,0.002
0.107,0.498,-0.035,-2.183,-1.6,2.6,-0.824,0.002
0.107,0.497,-0.035,-2.183,-1.6,2.6,-0.824,0.002
0.107,0.497,-0.035,-2.183,-1.6,2.6,-0.824,0.002
0.107,0.496,-0.035,-2.183,-1.6,2.6,-0.824,0.002
0.107,0.496,-0.035,-2.183,-1.6,2.6,-0.824,0.002
0.107,0.495,-0.035,-2.183,-1.6,2.6,-0.824,0.002
0.107,0.495,-0.035,-2.183,-1.6,2.6,-0.824,0.002
0.107,0.494,-0.035,-2.183,-1.6,2.6,-0.824,0.002
0.107,0.494,-0.035,-2.183,-1.6,2.6,-0.824,0.002
0.107,0.493,-0.035,-2.183,-1.6,2.6,-0.824,0.002
0.107,0.493,-0.035,-2.183,-1.6,2.6,-0.824,0.002
0.107,0.492,-0.035,-2.183,-1.6,2.6,-0.824,0.002
0.107,0.492,-0.035,-2.183,-1.6,2.6,-0.824,0.002
0.107,0.491,-0.035,-2.183,-1.6,2.6,-0.824,0.002
0.107,0.491,-0.035,-2.183,-1.6,2.6,-0.824,0.002
0.107,0.49,-0.035,-2.183,-1.6,2.6,-0.824,0.002
0.107,0.49,-0.035,-2.183,-1.6,2.6,-0.824,0.002
0.107,0.489,-0.035,-2.183,-1.6,2.6,-0.824,0.002
0.107,0.489,-0.035,-2.183,-1.6,2.6,-0.824,0.002
0.107,0.488,-0.035,-2.183,-1.6,2.6,-0.824,0.002
0.107,0.488,-0.035,-2.183,-1.6,2.6,-0.824,0.002
0.107,0.487,-0.035,-2.183,-1.6,2.6,-0.824,0.002
0.107,0.487,-0.035,-2.183,-1.6,2.6,-0.824,0.002
0.107,0.486,-0.035,-2.183,-1.6,2.6,-0.824,0.002
0.107,0.486,-0.035,-2.183,-1.6,2.6,-0.824,0.002
0.107,0.486,-0.035,-2.184,-1.6,2.6,-0.824,0.002
0.107,0.486,-0.035,-2.184,-1.6,2.6,-0.824,0.002
0.107,0.486,-0.035,-2.183,-1.6,2.6,-0.824,0.002
0.107,0.486,-0.035,-2.183,-1.6,2.6,-0.824,0.002
0.107,0.486,-0.035,-2.182,-1.6,2.6,-0.824,0.002
0.107,0.486,-0.035,-2.182,-1.6,2.6,-0.824,0.002
0.107,0.486,-0.035,-2.181,-1.6,2.6,-0.824,0.002
0.107,0.486,-0.035,-2.181,-1.6,2.6,-0.824,0.002
0.107,0.486,-0.035,-2.18,-1.6,2.6,-0.824,0.002
0.107,0.486,-0.035,-2.18,-1.6,2.6,-0.824,0.002
0.107,0.486,-0.035,-2.179,-1.6,2.6,-0.824,0.002
0.107,0.486,-0.035,-2.179,-1.6,2.6,-0.824,0.002
0.107,0.486,-0.035,-2.178,-1.6,2.6,-0.824,0.002
0.107,0.486,-0.035,-2.178,-1.6,2.6,-0.824,0.002
0.107,0.486,-0.035,-2.177,-1.6,2.6,-0.824,0.002
0.107,0.486,-0.035,-2.177,-1.6,2.6,-0.824,0.002
0.107,0.486,-0.035,-2.176,-1.6,2.6,-0.824,0.002
0.107,0.486,-0.035,-2.176,-1.6,2.6,-0.824,0.002
0.107,0.485,-0.035,-2.176,-1.6,2.6,-0.824,0.002
0.107,0.485,-0.035,-2.176,-1.6,2.6,-0.824,0.002
0.107,0.484,-0.035,-2.176,-1.6,2.6,-0.824,0.002
0.107,0.484,-0.035,-2.176,-1.6,2.6,-0.824,0.002
0.107,0.483,-0.035,-2.176,-1.6,2.6,-0.824,0.002
0.107,0.483,-0.035,-2.176,-1.6,2.6,-0.824,0.002
0.107,0.482,-0.035,-2.176,-1.6,2.6,-0.824,0.002
0.107,0.482,-0.035,-2.176,-1.6,2.6,-0.824,0.002
0.107,0.481,-0.035,-2.176,-1.6,2.6,-0.824,0.002
0.107,0.481,-0.035,-2.176,-1.6,2.6,-0.824,0.002
0.107,0.48,-0.035,-2.176,-1.6,2.6,-0.824,0.002
0.107,0.48,-0.035,-2.176,-1.6,2.6,-0.824,0.002
0.107,0.479,-0.035,-2.176,-1.6,2.6,-0.824,0.002
0.107,0.479,-0.035,-2.176,-1.6,2.6,-0.824,0.002
0.107,0.478,-0.035,-2.176,-1.6,2.6,-0.824,0.002
0.107,0.478,-0.035,-2.176,-1.6,2.6,-0.824,0.002
0.107,0.477,-0.035,-2.176,-1.6,2.6,-0.824,0.002
0.107,0.477,-0.035,-2.176,-1.6,2.6,-0.824,0.002
0.107,0.476,-0.035,-2.176,-1.6,2.6,-0.824,0.002
0.107,0.476,-0.035,-2.176,-1.6,2.6,-0.824,0.002
0.107,0.475,-0.035,-2.176,-1.6,2.6,-0.824,0.002
0.107,0.475,-0.035,-2.176,-1.6,2.6,-0.824,0.002
0.107,0.474,-0.035,-2.176,-1.6,2.6,-0.824,0.002
0.107,0.474,-0.035,-2.176,-1.6,2.6,-0.824,0.002
0.107,0.473,-0.035,-2.176,-1.6,2.6,-0.824,0.002
0.107,0.473,-0.035,-2.176,-1.6,2.6,-0.824,0.002
0.107,0.472,-0.035,-2.176,-1.6,2.6,-0.824,0.002
0.107,0.472,-0.035,-2.176,-1.6,2.6,-0.824,0.002
0.107,0.471,-0.035,-2.176,-1.6,2.6,-0.824,0.002
0.107,0.471,-0.035,-2.176,-1.6,2.6,-0.824,0.002
0.107,0.47,-0.035,-2.176,-1.6,2.6,-0.824,0.002
0.107,0.47,-0.035,-2.176,-1.6,2.6,-0.824,0.002
0.107,0.469,-0.035,-2.176,-1.6,2.6,-0.824,0.002
0.107,0.469,-0.035,-2.176,-1.6,2.6,-0.824,0.002
0.107,0.468,-0.035,-2.176,-1.6,2.6,-0.824,0.002
0.107,0.468,-0.035,-2.176,-1.6,2.6,-0.824,0.002
0.107,0.467,-0.035,-2.176,-1.6,2.6,-0.824,0.002
0.107,0.467,-0.035,-2.176,-1.6,2.6,-0.824,0.002
0.107,0.466,-0.035,-2.176,-1.6,2.6,-0.824,0.002
0.107,0.466,-0.035,-2.176,-1.6,2.6,-0.824,0.002
0.107,0.465,-0.035,-2.176,-1.6,2.6,-0.824,0.002
0.107,0.465,-0.035,-2.176,-1.6,2.6,-0.824,0.002
0.107,0.464,-0.035,-2.176,-1.6,2.6,-0.824,0.002
0.107,0.464,-0.035,-2.176,-1.6,2.6,-0.824,0.002
0.107,0.463,-0.035,-2.176,-1.6,2.6,-0.824,0.002
0.107,0.463,-0.035,-2.176,-1.6,2.6,-0.824,0.002
0.107,0.462,-0.035,-2.176,-1.6,2.6,-0.824,0.002
0.107,0.462,-0.035,-2.176,-1.6,2.6,-0.824,0.002
0.107,0.461,-0.035,-2.176,-1.6,2.6,-0.824,0.002
0.107,0.461,-0.035,-2.176,-1.6,2.6,-0.824,0.002
0.107,0.46,-0.035,-2.176,-1.6,2.6,-0.824,0.002
0.107,0.46,-0.035,-2.176,-1.6,2.6,-0.824,0.002
0.107,0.459,-0.035,-2.176,-1.6,2.6,-0.824,0.002
0.107,0.459,-0.035,-2.176,-1.6,2.6,-0.824,0.002
0.107,0.458,-0.035,-2.176,-1.6,2.6,-0.824,0.002
0.107,0.458,-0.035,-2.176,-1.6,2.6,-0.824,0.002
0.107,0.457,-0.035,-2.176,-1.6,2.6,-0.824,0.002
0.107,0.457,-0.035,-2.176,-1.6,2.6,-0.824,0.002
0.107,0.456,-0.035,-2.176,-1.6,2.6,-0.824,0.002
0.107,0.456,-0.035,-2.176,-1.6,2.6,-0.824,0.002
0.107,0.456,-0.035,-2.177,-1.6,2.6,-0.824,0.002
0.107,0.456,-0.035,-2.177,-1.6,2.6,-0.824,0.002
0.107,0.456,-0.035,-2.178,-1.6,2.6,-0.824,0.002
0.107,0.456,-0.035,-2.178,-1.6,2.6,-0.824,0.002
0.107,0.456,-0.035,-2.179,-1.6,2.6,-0.824,0.002
0.107,0.456,-0.035,-2.179,-1.6,2.6,-0.824,0.002
0.107,0.456,-0.035,-2.18,-1.6,2.6,-0.824,0.002
0.107,0.456,-0.035,-2.18,-1.6,2.6,-0.824,0.002
0.107,0.456,-0.035,-2.181,-1.6,2.6,-0.824,0.002
0.107,0.456,-0.035,-2.181,-1.6,2.6,-0.824,0.002
0.107,0.456,-0.035,-2.182,-1.6,2.6,-0.824,0.002
0.107,0.456,-0.035,-2.182,-1.6,2.6,-0.824,0.002
0.107,0.456,-0.035,-2.183,-1.6,2.6,-0.824,0.002
0.107,0.456,-0.035,-2.183,-1.6,2.6,-0.824,0.002
0.107,0.456,-0.035,-2.184,-1.6,2.6,-0.824,0.002
0.107,0.456,-0.035,-2.184,-1.6,2.6,-0.824,0.002
0.107,0.456,-0.035,-2.185,-1.6,2.6,-0.824,0.002
0.107,0.456,-0.035,-2.185,-1.6,2.6,-0.824,0.002
0.107,0.456,-0.035,-2.186,-1.6,2.6,-0.824,0.002
0.107,0.456,-0.035,-2.186,-1.6,2.6,-0.824,0.002
0.107,0.456,-0.035,-2.187,-1.6,2.6,-0.824,0.002
0.107,0.456,-0.035,-2.187,-1.6,2.6,-0.824,0.002
0.107,0.456,-0.035,-2.188,-1.6,2.6,-0.824,0.002
0.107,0.456,-0.035,-2.188,-1.6,2.6,-0.824,0.002
0.107,0.456,-0.035,-2.189,-1.6,2.6,-0.824,0.002
0.107,0.456,-0.035,-2.189,-1.6,2.6,-0.824,0.002
0.107,0.456,-0.035,-2.19,-1.6,2.6,-0.824,0.002
0.107,0.456,-0.035,-2.19,-1.6,2.6,-0.824,0.002
0.107,0.456,-0.035,-2.191,-1.6,2.6,-0.824,0.002
0.107,0.456,-0.035,-2.191,-1.6,2.6,-0.824,0.002
0.107,0.456,-0.035,-2.192,-1.6,2.6,-0.824,0.002
0.107,0.456,-0.035,-2.192,-1.6,2.6,-0.824,0.002
0.107,0.456,-0.035,-2.193,-1.6,2.6,-0.824,0.002
0.107,0.456,-0.035,-2.193,-1.6,2.6,-0.824,0.002
0.107,0.456,-0.035,-2.194,-1.6,2.6,-0.824,0.002
0.107,0.456,-0.035,-2.194,-1.6,2.6,-0.824,0.002
0.107,0.456,-0.035,-2.195,-1.6,2.6,-0.824,0.002
0.107,0.456,-0.035,-2.195,-1.6,2.6,-0.824,0.002
0.107,0.456,-0.035,-2.196,-1.6,2.6,-0.824,0.002
0.107,0.456,-0.035,-2.196,-1.6,2.6,-0.824,0.002
0.107,0.456,-0.035,-2.197,-1.6,2.6,-0.824,0.002
0.107,0.456,-0.035,-2.197,-1.6,2.6,-0.824,0.002
0.107,0.456,-0.035,-2.198,-1.6,2.6,-0.824,0.002
0.107,0.456,-0.035,-2.198,-1.6,2.6,-0.824,0.002
0.107,0.456,-0.035,-2.199,-1.6,2.6,-0.824,0.002
0.107,0.456,-0.035,-2.199,-1.6,2.6,-0.824,0.002
0.107,0.456,-0.035,-2.2,-1.6,2.6,-0.824,0.002
0.107,0.456,-0.035,-2.2,-1.6,2.6,-0.824,0.002
0.107,0.456,-0.035,-2.201,-1.6,2.6,-0.824,0.002
0.107,0.456,-0.035,-2.201,-1.6,2.6,-0.824,0.002
0.107,0.456,-0.035,-2.202,-1.6,2.6,-0.824,0.002
0.107,0.456,-0.035,-2.202,-1.6,2.6,-0.824,0.002
0.107,0.456,-0.035,-2.203,-1.6,2.6,-0.824,0.002
0.107,0.456,-0.035,-2.203,-1.6,2.6,-0.824,0.002
0.107,0.456,-0.035,-2.204,-1.6,2.6,-0.824,0.002
0.107,0.456,-0.035,-2.204,-1.6,2.6,-0.824,0.002
0.107,0.456,-0.035,-2.205,-1.6,2.6,-0.824,0.002
0.107,0.456,-0.035,-2.205,-1.6,2.6,-0.824,0.002
0.107,0.456,-0.036,-2.205,-1.6,2.6,-0.824,0.002
0.107,0.456,-0.036,-2.205,-1.6,2.6,-0.824,0.002
0.107,0.456,-0.026,-2.205,-1.6,2.6,-0.824,0.002
0.107,0.456,-0.016,-2.205,-1.6,2.6,-0.824,0.002
0.107,0.456,-0.015,-2.205,-1.6,2.6,-0.824,0.002
0.107,0.456,-0.015,-2.205,-1.6,2.6,-0.824,0.002
0.107,0.456,-0.014,-2.205,-1.6,2.6,-0.824,0.002
0.107,0.456,-0.014,-2.205,-1.6,2.6,-0.824,0.002
0.107,0.456,-0.013,-2.205,-1.6,2.6,-0.824,0.002
0.107,0.456,-0.013,-2.205,-1.6,2.6,-0.824,0.002
0.107,0.456,-0.012,-2.205,-1.6,2.6,-0.824,0.002
0.107,0.456,-0.012,-2.205,-1.6,2.6,-0.824,0.002
0.107,0.456,-0.011,-2.205,-1.6,2.6,-0.824,0.002
0.107,0.456,-0.011,-2.205,-1.6,2.6,-0.824,0.002
0.107,0.456,-0.01,-2.205,-1.6,2.6,-0.824,0.002
0.107,0.456,-0.01,-2.205,-1.6,2.6,-0.824,0.002
0.107,0.456,-0.009,-2.205,-1.6,2.6,-0.824,0.002
0.107,0.456,-0.009,-2.205,-1.6,2.6,-0.824,0.002
0.107,0.456,-0.008,-2.205,-1.6,2.6,-0.824,0.002
0.107,0.456,-0.008,-2.205,-1.6,2.6,-0.824,0.002
0.107,0.456,-0.007,-2.205,-1.6,2.6,-0.824,0.002
0.107,0.456,-0.007,-2.205,-1.6,2.6,-0.824,0.002
0.107,0.456,-0.006,-2.205,-1.6,2.6,-0.824,0.002
0.107,0.456,-0.006,-2.205,-1.6,2.6,-0.824,0.002
0.107,0.456,-0.005,-2.205,-1.6,2.6,-0.824,0.002
0.107,0.456,-0.005,-2.205,-1.6,2.6,-0.824,0.002
0.107,0.456,-0.004,-2.205,-1.6,2.6,-0.824,0.002
0.107,0.456,-0.004,-2.205,-1.6,2.6,-0.824,0.002
0.107,0.456,-0.004,-2.215,-1.6,2.6,-0.824,0.002
0.107,0.456,-0.004,-2.205,-1.6,2.6,-0.824,0.002
0.107,0.456,-0.004,-2.195,-1.6,2.6,-0.824,0.002
0.107,0.456,-0.004,-2.185,-1.6,2.6,-0.824,0.002
0.107,0.456,-0.004,-2.175,-1.6,2.6,-0.824,0.002
0.107,0.456,-0.004,-2.165,-1.6,2.6,-0.824,0.002
0.107,0.456,-0.004,-2.155,-1.6,2.6,-0.824,0.002
0.107,0.456,-0.004,-2.145,-1.6,2.6,-0.824,0.002
0.107,0.456,-0.004,-2.135,-1.6,2.6,-0.824,0.002
0.107,0.456,-0.004,-2.125,-1.6,2.6,-0.824,0.002
0.107,0.456,-0.004,-2.115,-1.6,2.6,-0.824,0.002
0.107,0.456,-0.004,-2.105,-1.6,2.6,-0.824,0.002
0.107,0.456,-0.004,-2.095,-1.6,2.6,-0.824,0.002
0.107,0.456,-0.004,-2.085,-1.6,2.6,-0.824,0.002
0.107,0.456,-0.004,-2.086,-1.6,2.6,-0.824,0.002
0.107,0.456,-0.004,-2.086,-1.6,2.6,-0.824,0.002
0.107,0.456,-0.004,-2.087,-1.6,2.6,-0.824,0.002
0.107,0.456,-0.004,-2.087,-1.6,2.6,-0.824,0.002
0.107,0.456,-0.004,-2.088,-1.6,2.6,-0.824,0.002
0.107,0.456,-0.004,-2.088,-1.6,2.6,-0.824,0.002
0.107,0.456,-0.004,-2.089,-1.6,2.6,-0.824,0.002
0.107,0.456,-0.004,-2.089,-1.6,2.6,-0.824,0.002
0.107,0.456,-0.004,-2.09,-1.6,2.6,-0.824,0.002
0.107,0.456,-0.004,-2.09,-1.6,2.6,-0.824,0.002
0.107,0.456,-0.004,-2.091,-1.6,2.6,-0.824,0.002
0.107,0.456,-0.004,-2.091,-1.6,2.6,-0.824,0.002
0.107,0.456,-0.004,-2.092,-1.6,2.6,-0.824,0.002
0.107,0.456,-0.004,-2.092,-1.6,2.6,-0.824,0.002
0.107,0.456,-0.004,-2.093,-1.6,2.6,-0.824,0.002
0.107,0.456,-0.004,-2.093,-1.6,2.6,-0.824,0.002
0.107,0.456,-0.004,-2.103,-1.6,2.6,-0.824,0.002
0.107,0.456,-0.004,-2.113,-1.6,2.6,-0.824,0.002
0.107,0.466,-0.004,-2.113,-1.6,2.6,-0.824,0.002
0.107,0.476,-0.004,-2.113,-1.6,2.6,-0.824,0.002
0.107,0.476,-0.004,-2.103,-1.6,2.6,-0.824,0.002
0.107,0.476,-0.004,-2.093,-1.6,2.6,-0.824,0.002
0.107,0.486,-0.004,-2.093,-1.6,2.6,-0.824,0.002
0.107,0.496,-0.004,-2.093,-1.6,2.6,-0.824,0.002
0.107,0.506,-0.004,-2.093,-1.6,2.6,-0.824,0.002
0.107,0.506,-0.004,-2.083,-1.6,2.6,-0.824,0.002
0.107,0.506,-0.004,-2.073,-1.6,2.6,-0.824,0.002
0.107,0.506,-0.004,-2.063,-1.6,2.6,-0.824,0.002
0.107,0.516,-0.004,-2.063,-1.6,2.6,-0.824,0.002
0.107,0.526,-0.004,-2.063,-1.6,2.6,-0.824,0.002
0.107,0.536,-0.004,-2.063,-1.6,2.6,-0.824,0.002
0.107,0.536,-0.004,-2.053,-1.6,2.6,-0.824,0.002
0.107,0.536,-0.004,-2.043,-1.6,2.6,-0.824,0.002
0.107,0.536,-0.004,-2.033,-1.6,2.6,-0.824,0.002
0.107,0.546,-0.004,-2.033,-1.6,2.6,-0.824,0.002
0.107,0.556,-0.004,-2.033,-1.6,2.6,-0.824,0.002
0.107,0.556,-0.004,-2.023,-1.6,2.6,-0.824,0.002
0.107,0.556,-0.004,-2.013,-1.6,2.6,-0.824,0.002
0.107,0.556,-0.004,-2.003,-1.6,2.6,-0.824,0.002
0.107,0.556,-0.004,-1.993,-1.6,2.6,-0.824,0.002
0.107,0.556,-0.004,-1.983,-1.6,2.6,-0.824,0.002
0.107,0.556,-0.004,-1.973,-1.6,2.6,-0.824,0.002
0.107,0.556,-0.004,-1.963,-1.6,2.6,-0.824,0.002
0.107,0.556,-0.004,-1.953,-1.6,2.6,-0.824,0.002
0.107,0.556,-0.004,-1.943,-1.6,2.6,-0.824,0.002
0.107,0.556,-0.004,-1.933,-1.6,2.6,-0.824,0.002
0.107,0.556,-0.004,-1.923,-1.6,2.6,-0.824,0.002
0.107,0.556,-0.004,-1.923,-1.6,2.6,0.9,0.002
0.107,0.556,-0.004,-1.923,-1.6,2.6,0.86,0.002
0.107,0.492,-0.004,-1.923,-1.6,2.6,0.86,0.002
0.107,0.492,-0.004,-1.923,-1.6,2.6,0.86,0.002
0.107,0.492,-0.004,-2.203,-1.6,2.6,0.86,0.002
0.107,0.492,-0.004,-2.203,-1.6,2.6,0.86,0.002
0.107,0.492,-0.004,-2.165,-1.6,2.6,0.86,0.002
0.107,0.502,-0.004,-2.165,-1.6,2.6,0.86,0.002
0.107,0.492,-0.004,-2.165,-1.6,2.6,0.86,0.002
0.107,0.482,-0.004,-2.165,-1.6,2.6,0.86,0.002
0.107,0.482,-0.004,-2.175,-1.6,2.6,0.86,0.002
0.107,0.472,-0.004,-2.175,-1.6,2.6,0.86,0.002
0.107,0.462,-0.004,-2.175,-1.6,2.6,0.86,0.002
0.107,0.452,-0.004,-2.175,-1.6,2.6,0.86,0.002
0.107,0.452,-0.004,-2.185,-1.6,2.6,0.86,0.002
0.107,0.452,-0.004,-2.195,-1.6,2.6,0.86,0.002
0.107,0.452,-0.004,-2.205,-1.6,2.6,0.86,0.002
0.107,0.452,-0.004,-2.215,-1.6,2.6,0.86,0.002
0.107,0.452,-0.004,-2.225,-1.6,2.6,0.86,0.002
0.107,0.442,-0.004,-2.225,-1.6,2.6,0.86,0.002
0.107,0.441,-0.004,-2.225,-1.6,2.6,0.86,0.002
0.107,0.441,-0.004,-2.225,-1.6,2.6,0.86,0.002
0.107,0.441,-0.004,-2.226,-1.6,2.6,0.86,0.002
0.107,0.441,-0.004,-2.226,-1.6,2.6,0.86,0.002
0.107,0.441,-0.004,-2.227,-1.6,2.6,0.86,0.002
0.107,0.441,-0.004,-2.227,-1.6,2.6,0.86,0.002
0.107,0.441,-0.004,-2.228,-1.6,2.6,0.86,0.002
0.107,0.441,-0.004,-2.228,-1.6,2.6,0.86,0.002
0.107,0.441,-0.004,-2.229,-1.6,2.6,0.86,0.002
0.107,0.441,-0.004,-2.229,-1.6,2.6,0.86,0.002
0.107,0.441,-0.004,-2.23,-1.6,2.6,0.86,0.002
0.107,0.441,-0.004,-2.23,-1.6,2.6,0.86,0.002
0.107,0.441,-0.004,-2.231,-1.6,2.6,0.86,0.002
0.107,0.441,-0.004,-2.231,-1.6,2.6,0.86,0.002
0.107,0.441,-0.004,-2.232,-1.6,2.6,0.86,0.002
0.107,0.441,-0.004,-2.232,-1.6,2.6,0.86,0.002
0.107,0.441,-0.004,-2.233,-1.6,2.6,0.86,0.002
0.107,0.441,-0.004,-2.233,-1.6,2.6,0.86,0.002
0.107,0.441,-0.004,-2.234,-1.6,2.6,0.86,0.002
0.107,0.441,-0.004,-2.234,-1.6,2.6,0.86,0.002
0.107,0.441,-0.004,-2.235,-1.6,2.6,0.86,0.002
0.107,0.441,-0.004,-2.235,-1.6,2.6,0.86,0.002
0.107,0.441,-0.004,-2.245,-1.6,2.6,0.86,0.002
0.107,0.442,-0.004,-2.245,-1.6,2.6,0.86,0.002
0.107,0.442,-0.004,-2.245,-1.6,2.6,0.86,0.002
0.107,0.443,-0.004,-2.245,-1.6,2.6,0.86,0.002
0.107,0.443,-0.004,-2.245,-1.6,2.6,0.86,0.002
0.107,0.444,-0.004,-2.245,-1.6,2.6,0.86,0.002
0.107,0.444,-0.004,-2.245,-1.6,2.6,0.86,0.002
0.107,0.445,-0.004,-2.245,-1.6,2.6,0.86,0.002
0.107,0.445,-0.004,-2.245,-1.6,2.6,0.86,0.002
0.107,0.446,-0.004,-2.245,-1.6,2.6,0.86,0.002
0.107,0.446,-0.004,-2.245,-1.6,2.6,0.86,0.002
0.107,0.447,-0.004,-2.245,-1.6,2.6,0.86,0.002
0.107,0.447,-0.004,-2.245,-1.6,2.6,0.86,0.002
0.107,0.448,-0.004,-2.245,-1.6,2.6,0.86,0.002
0.107,0.448,-0.004,-2.245,-1.6,2.6,0.86,0.002
0.107,0.449,-0.004,-2.245,-1.6,2.6,0.86,0.002
0.107,0.449,-0.004,-2.245,-1.6,2.6,0.86,0.002
0.107,0.449,-0.004,-2.244,-1.6,2.6,0.86,0.002
0.107,0.449,-0.004,-2.244,-1.6,2.6,0.86,0.002
0.107,0.449,-0.004,-2.243,-1.6,2.6,0.86,0.002
0.107,0.449,-0.004,-2.243,-1.6,2.6,0.86,0.002
0.107,0.449,-0.004,-2.242,-1.6,2.6,0.86,0.002
0.107,0.449,-0.004,-2.242,-1.6,2.6,0.86,0.002
0.107,0.449,-0.004,-2.241,-1.6,2.6,0.86,0.002
0.107,0.449,-0.004,-2.241,-1.6,2.6,0.86,0.002
0.107,0.449,-0.004,-2.24,-1.6,2.6,0.86,0.002
0.107,0.449,-0.004,-2.24,-1.6,2.6,0.86,0.002
0.107,0.45,-0.004,-2.24,-1.6,2.6,0.86,0.002
0.107,0.45,-0.004,-2.24,-1.6,2.6,0.86,0.002
0.107,0.451,-0.004,-2.24,-1.6,2.6,0.86,0.002
0.107,0.451,-0.004,-2.24,-1.6,2.6,0.86,0.002
0.107,0.452,-0.004,-2.24,-1.6,2.6,0.86,0.002
0.107,0.452,-0.004,-2.24,-1.6,2.6,0.86,0.002
0.107,0.453,-0.004,-2.24,-1.6,2.6,0.86,0.002
0.107,0.453,-0.004,-2.24,-1.6,2.6,0.86,0.002
0.107,0.454,-0.004,-2.24,-1.6,2.6,0.86,0.002
0.107,0.454,-0.004,-2.24,-1.6,2.6,0.86,0.002
0.107,0.454,-0.004,-2.239,-1.6,2.6,0.86,0.002
0.107,0.454,-0.004,-2.239,-1.6,2.6,0.86,0.002
0.107,0.454,-0.004,-2.238,-1.6,2.6,0.86,0.002
0.107,0.454,-0.004,-2.238,-1.6,2.6,0.86,0.002
0.107,0.454,-0.004,-2.237,-1.6,2.6,0.86,0.002
0.107,0.454,-0.004,-2.237,-1.6,2.6,0.86,0.002
0.107,0.454,-0.004,-2.236,-1.6,2.6,0.86,0.002
0.107,0.454,-0.004,-2.236,-1.6,2.6,0.86,0.002
0.107,0.455,-0.004,-2.236,-1.6,2.6,0.86,0.002
0.107,0.455,-0.004,-2.236,-1.6,2.6,0.86,0.002
0.107,0.456,-0.004,-2.236,-1.6,2.6,0.86,0.002
0.107,0.456,-0.004,-2.236,-1.6,2.6,0.86,0.002
0.107,0.457,-0.004,-2.236,-1.6,2.6,0.86,0.002
0.107,0.457,-0.004,-2.236,-1.6,2.6,0.86,0.002
0.107,0.458,-0.004,-2.236,-1.6,2.6,0.86,0.002
0.107,0.458,-0.004,-2.236,-1.6,2.6,0.86,0.002
0.107,0.459,-0.004,-2.236,-1.6,2.6,0.86,0.002
0.107,0.459,-0.004,-2.236,-1.6,2.6,0.86,0.002
0.107,0.46,-0.004,-2.236,-1.6,2.6,0.86,0.002
0.107,0.46,-0.004,-2.236,-1.6,2.6,0.86,0.002
0.107,0.46,-0.004,-2.235,-1.6,2.6,0.86,0.002
0.107,0.46,-0.004,-2.235,-1.6,2.6,0.86,0.002
0.107,0.46,-0.004,-2.234,-1.6,2.6,0.86,0.002
0.107,0.46,-0.004,-2.234,-1.6,2.6,0.86,0.002
0.107,0.461,-0.004,-2.234,-1.6,2.6,0.86,0.002
0.107,0.461,-0.004,-2.234,-1.6,2.6,0.86,0.002
0.107,0.462,-0.004,-2.234,-1.6,2.6,0.86,0.002
0.107,0.462,-0.004,-2.234,-1.6,2.6,0.86,0.002
0.107,0.463,-0.004,-2.234,-1.6,2.6,0.86,0.002
0.107,0.463,-0.004,-2.234,-1.6,2.6,0.86,0.002
0.107,0.464,-0.004,-2.234,-1.6,2.6,0.86,0.002
0.107,0.464,-0.004,-2.234,-1.6,2.6,0.86,0.002
0.107,0.465,-0.004,-2.234,-1.6,2.6,0.86,0.002
0.107,0.465,-0.004,-2.234,-1.6,2.6,0.86,0.002
0.107,0.465,-0.004,-2.233,-1.6,2.6,0.86,0.002
0.107,0.465,-0.004,-2.233,-1.6,2.6,0.86,0.002
0.107,0.465,-0.004,-2.232,-1.6,2.6,0.86,0.002
0.107,0.465,-0.004,-2.232,-1.6,2.6,0.86,0.002
0.107,0.465,-0.004,-2.231,-1.6,2.6,0.86,0.002
0.107,0.465,-0.004,-2.231,-1.6,2.6,0.86,0.002
0.107,0.465,-0.004,-2.23,-1.6,2.6,0.86,0.002
0.107,0.465,-0.004,-2.23,-1.6,2.6,0.86,0.002
0.107,0.466,-0.004,-2.23,-1.6,2.6,0.86,0.002
0.107,0.466,-0.004,-2.23,-1.6,2.6,0.86,0.002
0.107,0.467,-0.004,-2.23,-1.6,2.6,0.86,0.002
0.107,0.467,-0.004,-2.23,-1.6,2.6,0.86,0.002
0.107,0.468,-0.004,-2.23,-1.6,2.6,0.86,0.002
0.107,0.468,-0.004,-2.23,-1.6,2.6,0.86,0.002
0.107,0.468,-0.004,-2.229,-1.6,2.6,0.86,0.002
0.107,0.468,-0.004,-2.229,-1.6,2.6,0.86,0.002
0.107,0.468,-0.004,-2.228,-1.6,2.6,0.86,0.002
0.107,0.468,-0.004,-2.228,-1.6,2.6,0.86,0.002
0.107,0.468,-0.004,-2.227,-1.6,2.6,0.86,0.002
0.107,0.468,-0.004,-2.227,-1.6,2.6,0.86,0.002
0.107,0.469,-0.004,-2.227,-1.6,2.6,0.86,0.002
0.107,0.469,-0.004,-2.227,-1.6,2.6,0.86,0.002
0.107,0.47,-0.004,-2.227,-1.6,2.6,0.86,0.002
0.107,0.47,-0.004,-2.227,-1.6,2.6,0.86,0.002
0.107,0.47,-0.004,-2.226,-1.6,2.6,0.86,0.002
0.107,0.47,-0.004,-2.226,-1.6,2.6,0.86,0.002
0.107,0.47,-0.004,-2.225,-1.6,2.6,0.86,0.002
0.107,0.47,-0.004,-2.225,-1.6,2.6,0.86,0.002
0.107,0.471,-0.004,-2.225,-1.6,2.6,0.86,0.002
0.107,0.471,-0.004,-2.225,-1.6,2.6,0.86,0.002
0.107,0.472,-0.004,-2.225,-1.6,2.6,0.86,0.002
0.107,0.472,-0.004,-2.225,-1.6,2.6,0.86,0.002
0.107,0.472,-0.004,-2.224,-1.6,2.6,0.86,0.002
0.107,0.472,-0.004,-2.224,-1.6,2.6,0.86,0.002
0.107,0.472,-0.004,-2.223,-1.6,2.6,0.86,0.002
0.107,0.472,-0.004,-2.223,-1.6,2.6,0.86,0.002
0.107,0.473,-0.004,-2.223,-1.6,2.6,0.86,0.002
0.107,0.473,-0.004,-2.223,-1.6,2.6,0.86,0.002
0.107,0.474,-0.004,-2.223,-1.6,2.6,0.86,0.002
0.107,0.474,-0.004,-2.223,-1.6,2.6,0.86,0.002
0.107,0.474,-0.004,-2.222,-1.6,2.6,0.86,0.002
0.107,0.474,-0.004,-2.222,-1.6,2.6,0.86,0.002
0.107,0.474,-0.004,-2.221,-1.6,2.6,0.86,0.002
0.107,0.474,-0.004,-2.221,-1.6,2.6,0.86,0.002
0.107,0.475,-0.004,-2.221,-1.6,2.6,0.86,0.002
0.107,0.475,-0.004,-2.221,-1.6,2.6,0.86,0.002
0.107,0.476,-0.004,-2.221,-1.6,2.6,0.86,0.002
0.107,0.476,-0.004,-2.221,-1.6,2.6,0.86,0.002
0.107,0.477,-0.004,-2.221,-1.6,2.6,0.86,0.002
0.107,0.477,-0.004,-2.221,-1.6,2.6,0.86,0.002
0.107,0.477,-0.004,-2.22,-1.6,2.6,0.86,0.002
0.107,0.477,-0.004,-2.22,-1.6,2.6,0.86,0.002
0.107,0.477,-0.004,-2.219,-1.6,2.6,0.86,0.002
0.107,0.477,-0.004,-2.219,-1.6,2.6,0.86,0.002
0.107,0.477,-0.004,-2.218,-1.6,2.6,0.86,0.002
0.107,0.477,-0.004,-2.218,-1.6,2.6,0.86,0.002
0.107,0.477,-0.004,-2.217,-1.6,2.6,0.86,0.002
0.107,0.477,-0.004,-2.217,-1.6,2.6,0.86,0.002
0.107,0.478,-0.004,-2.217,-1.6,2.6,0.86,0.002
0.107,0.478,-0.004,-2.217,-1.6,2.6,0.86,0.002
0.107,0.479,-0.004,-2.217,-1.6,2.6,0.86,0.002
0.107,0.479,-0.004,-2.217,-1.6,2.6,0.86,0.002
0.107,0.48,-0.004,-2.217,-1.6,2.6,0.86,0.002
0.107,0.48,-0.004,-2.217,-1.6,2.6,0.86,0.002
0.107,0.48,-0.004,-2.216,-1.6,2.6,0.86,0.002
0.107,0.48,-0.004,-2.216,-1.6,2.6,0.86,0.002
0.107,0.48,-0.004,-2.215,-1.6,2.6,0.86,0.002
0.107,0.48,-0.004,-2.215,-1.6,2.6,0.86,0.002
0.107,0.48,-0.004,-2.214,-1.6,2.6,0.86,0.002
0.107,0.48,-0.004,-2.214,-1.6,2.6,0.86,0.002
0.107,0.481,-0.004,-2.214,-1.6,2.6,0.86,0.002
0.107,0.481,-0.004,-2.214,-1.6,2.6,0.86,0.002
0.107,0.482,-0.004,-2.214,-1.6,2.6,0.86,0.002
0.107,0.482,-0.004,-2.214,-1.6,2.6,0.86,0.002
0.107,0.483,-0.004,-2.214,-1.6,2.6,0.86,0.002
0.107,0.483,-0.004,-2.214,-1.6,2.6,0.86,0.002
0.107,0.483,-0.004,-2.213,-1.6,2.6,0.86,0.002
0.107,0.483,-0.004,-2.213,-1.6,2.6,0.86,0.002
0.107,0.483,-0.004,-2.212,-1.6,2.6,0.86,0.002
0.107,0.483,-0.004,-2.212,-1.6,2.6,0.86,0.002
0.107,0.483,-0.004,-2.211,-1.6,2.6,0.86,0.002
0.107,0.483,-0.004,-2.211,-1.6,2.6,0.86,0.002
0.107,0.484,-0.004,-2.211,-1.6,2.6,0.86,0.002
0.107,0.484,-0.004,-2.211,-1.6,2.6,0.86,0.002
0.107,0.485,-0.004,-2.211,-1.6,2.6,0.86,0.002
0.107,0.485,-0.004,-2.211,-1.6,2.6,0.86,0.002
0.107,0.486,-0.004,-2.211,-1.6,2.6,0.86,0.002
0.107,0.486,-0.004,-2.211,-1.6,2.6,0.86,0.002
0.107,0.486,-0.004,-2.21,-1.6,2.6,0.86,0.002
0.107,0.486,-0.004,-2.21,-1.6,2.6,0.86,0.002
0.107,0.486,-0.004,-2.209,-1.6,2.6,0.86,0.002
0.107,0.486,-0.004,-2.209,-1.6,2.6,0.86,0.002
0.107,0.486,-0.004,-2.208,-1.6,2.6,0.86,0.002
0.107,0.486,-0.004,-2.208,-1.6,2.6,0.86,0.002
0.107,0.487,-0.004,-2.208,-1.6,2.6,0.86,0.002
0.107,0.487,-0.004,-2.208,-1.6,2.6,0.86,0.002
0.107,0.488,-0.004,-2.208,-1.6,2.6,0.86,0.002
0.107,0.488,-0.004,-2.208,-1.6,2.6,0.86,0.002
0.107,0.488,-0.004,-2.207,-1.6,2.6,0.86,0.002
0.107,0.488,-0.004,-2.207,-1.6,2.6,0.86,0.002
0.107,0.488,-0.004,-2.206,-1.6,2.6,0.86,0.002
0.107,0.488,-0.004,-2.206,-1.6,2.6,0.86,0.002
0.107,0.488,-0.004,-2.205,-1.6,2.6,0.86,0.002
0.107,0.488,-0.004,-2.205,-1.6,2.6,0.86,0.002
0.107,0.488,-0.004,-2.204,-1.6,2.6,0.86,0.002
0.107,0.488,-0.004,-2.204,-1.6,2.6,0.86,0.002
0.107,0.489,-0.004,-2.204,-1.6,2.6,0.86,0.002
0.107,0.489,-0.004,-2.204,-1.6,2.6,0.86,0.002
0.107,0.49,-0.004,-2.204,-1.6,2.6,0.86,0.002
0.107,0.49,-0.004,-2.204,-1.6,2.6,0.86,0.002
0.107,0.49,-0.004,-2.203,-1.6,2.6,0.86,0.002
0.107,0.49,-0.004,-2.203,-1.6,2.6,0.86,0.002
0.107,0.49,-0.004,-2.202,-1.6,2.6,0.86,0.002
0.107,0.49,-0.004,-2.202,-1.6,2.6,0.86,0.002
0.107,0.491,-0.004,-2.202,-1.6,2.6,0.86,0.002
0.107,0.491,-0.004,-2.202,-1.6,2.6,0.86,0.002
0.107,0.492,-0.004,-2.202,-1.6,2.6,0.86,0.002
0.107,0.492,-0.004,-2.202,-1.6,2.6,0.86,0.002
0.107,0.492,-0.004,-2.201,-1.6,2.6,0.86,0.002
0.107,0.492,-0.004,-2.201,-1.6,2.6,0.86,0.002
0.107,0.492,-0.004,-2.2,-1.6,2.6,0.86,0.002
0.107,0.492,-0.004,-2.2,-1.6,2.6,0.86,0.002
0.107,0.493,-0.004,-2.2,-1.6,2.6,0.86,0.002
0.107,0.493,-0.004,-2.2,-1.6,2.6,0.86,0.002
0.107,0.494,-0.004,-2.2,-1.6,2.6,0.86,0.002
0.107,0.494,-0.004,-2.2,-1.6,2.6,0.86,0.002
0.107,0.494,-0.004,-2.199,-1.6,2.6,0.86,0.002
0.107,0.494,-0.004,-2.199,-1.6,2.6,0.86,0.002
0.107,0.494,-0.004,-2.198,-1.6,2.6,0.86,0.002
0.107,0.494,-0.004,-2.198,-1.6,2.6,0.86,0.002
0.107,0.495,-0.004,-2.198,-1.6,2.6,0.86,0.002
0.107,0.495,-0.004,-2.198,-1.6,2.6,0.86,0.002
0.107,0.496,-0.004,-2.198,-1.6,2.6,0.86,0.002
0.107,0.496,-0.004,-2.198,-1.6,2.6,0.86,0.002
0.107,0.496,-0.004,-2.197,-1.6,2.6,0.86,0.002
0.107,0.496,-0.004,-2.197,-1.6,2.6,0.86,0.002
0.107,0.496,-0.004,-2.196,-1.6,2.6,0.86,0.002
0.107,0.496,-0.004,-2.196,-1.6,2.6,0.86,0.002
0.107,0.497,-0.004,-2.196,-1.6,2.6,0.86,0.002
0.107,0.497,-0.004,-2.196,-1.6,2.6,0.86,0.002
0.107,0.498,-0.004,-2.196,-1.6,2.6,0.86,0.002
0.107,0.498,-0.004,-2.196,-1.6,2.6,0.86,0.002
0.107,0.498,-0.004,-2.195,-1.6,2.6,0.86,0.002
0.107,0.498,-0.004,-2.195,-1.6,2.6,0.86,0.002
0.107,0.498,-0.004,-2.194,-1.6,2.6,0.86,0.002
0.107,0.498,-0.004,-2.194,-1.6,2.6,0.86,0.002
0.107,0.499,-0.004,-2.194,-1.6,2.6,0.86,0.002
0.107,0.499,-0.004,-2.194,-1.6,2.6,0.86,0.002
0.107,0.5,-0.004,-2.194,-1.6,2.6,0.86,0.002
0.107,0.5,-0.004,-2.194,-1.6,2.6,0.86,0.002
0.107,0.5,-0.004,-2.193,-1.6,2.6,0.86,0.002
0.107,0.5,-0.004,-2.193,-1.6,2.6,0.86,0.002
0.107,0.5,-0.004,-2.192,-1.6,2.6,0.86,0.002
0.107,0.5,-0.004,-2.192,-1.6,2.6,0.86,0.002
0.107,0.501,-0.004,-2.192,-1.6,2.6,0.86,0.002
0.107,0.501,-0.004,-2.192,-1.6,2.6,0.86,0.002
0.107,0.502,-0.004,-2.192,-1.6,2.6,0.86,0.002
0.107,0.502,-0.004,-2.192,-1.6,2.6,0.86,0.002
0.107,0.502,-0.004,-2.191,-1.6,2.6,0.86,0.002
0.107,0.502,-0.004,-2.191,-1.6,2.6,0.86,0.002
0.107,0.502,-0.004,-2.19,-1.6,2.6,0.86,0.002
0.107,0.502,-0.004,-2.19,-1.6,2.6,0.86,0.002
0.107,0.503,-0.004,-2.19,-1.6,2.6,0.86,0.002
0.107,0.503,-0.004,-2.19,-1.6,2.6,0.86,0.002
0.107,0.504,-0.004,-2.19,-1.6,2.6,0.86,0.002
0.107,0.504,-0.004,-2.19,-1.6,2.6,0.86,0.002
0.107,0.504,-0.004,-2.189,-1.6,2.6,0.86,0.002
0.107,0.504,-0.004,-2.189,-1.6,2.6,0.86,0.002
0.107,0.504,-0.004,-2.188,-1.6,2.6,0.86,0.002
0.107,0.504,-0.004,-2.188,-1.6,2.6,0.86,0.002
0.107,0.505,-0.004,-2.188,-1.6,2.6,0.86,0.002
0.107,0.505,-0.004,-2.188,-1.6,2.6,0.86,0.002
0.107,0.506,-0.004,-2.188,-1.6,2.6,0.86,0.002
0.107,0.506,-0.004,-2.188,-1.6,2.6,0.86,0.002
0.107,0.506,-0.004,-2.187,-1.6,2.6,0.86,0.002
0.107,0.506,-0.004,-2.187,-1.6,2.6,0.86,0.002
0.107,0.506,-0.004,-2.186,-1.6,2.6,0.86,0.002
0.107,0.506,-0.004,-2.186,-1.6,2.6,0.86,0.002
0.107,0.507,-0.004,-2.186,-1.6,2.6,0.86,0.002
0.107,0.507,-0.004,-2.186,-1.6,2.6,0.86,0.002
0.107,0.507,-0.004,-2.185,-1.6,2.6,0.86,0.002
0.107,0.507,-0.004,-2.185,-1.6,2.6,0.86,0.002
0.107,0.507,-0.004,-2.184,-1.6,2.6,0.86,0.002
0.107,0.507,-0.004,-2.184,-1.6,2.6,0.86,0.002
0.107,0.508,-0.004,-2.184,-1.6,2.6,0.86,0.002
0.107,0.508,-0.004,-2.184,-1.6,2.6,0.86,0.002
0.107,0.509,-0.004,-2.184,-1.6,2.6,0.86,0.002
0.107,0.509,-0.004,-2.184,-1.6,2.6,0.86,0.002
0.107,0.509,-0.004,-2.183,-1.6,2.6,0.86,0.002
0.107,0.509,-0.004,-2.183,-1.6,2.6,0.86,0.002
0.107,0.509,-0.004,-2.182,-1.6,2.6,0.86,0.002
0.107,0.509,-0.004,-2.182,-1.6,2.6,0.86,0.002
0.107,0.509,-0.004,-2.181,-1.6,2.6,0.86,0.002
0.107,0.509,-0.004,-2.181,-1.6,2.6,0.86,0.002
0.107,0.509,-0.004,-2.18,-1.6,2.6,0.86,0.002
0.107,0.509,-0.004,-2.18,-1.6,2.6,0.86,0.002
0.107,0.51,-0.004,-2.18,-1.6,2.6,0.86,0.002
0.107,0.51,-0.004,-2.18,-1.6,2.6,0.86,0.002
0.107,0.51,-0.004,-2.179,-1.6,2.6,0.86,0.002
0.107,0.51,-0.004,-2.179,-1.6,2.6,0.86,0.002
0.107,0.51,-0.004,-2.178,-1.6,2.6,0.86,0.002
0.107,0.51,-0.004,-2.178,-1.6,2.6,0.86,0.002
0.107,0.511,-0.004,-2.178,-1.6,2.6,0.86,0.002
0.107,0.511,-0.004,-2.178,-1.6,2.6,0.86,0.002
0.107,0.512,-0.004,-2.178,-1.6,2.6,0.86,0.002
0.107,0.512,-0.004,-2.178,-1.6,2.6,0.86,0.002
0.107,0.512,-0.004,-2.177,-1.6,2.6,0.86,0.002
0.107,0.512,-0.004,-2.177,-1.6,2.6,0.86,0.002
0.107,0.512,-0.004,-2.176,-1.6,2.6,0.86,0.002
0.107,0.512,-0.004,-2.176,-1.6,2.6,0.86,0.002
0.107,0.513,-0.004,-2.176,-1.6,2.6,0.86,0.002
0.107,0.513,-0.004,-2.176,-1.6,2.6,0.86,0.002
0.107,0.513,-0.004,-2.175,-1.6,2.6,0.86,0.002
0.107,0.513,-0.004,-2.175,-1.6,2.6,0.86,0.002
0.107,0.513,-0.004,-2.177,-1.6,2.6,0.86,0.002
0.107,0.513,-0.004,-2.177,-1.6,2.6,0.86,0.002
0.107,0.513,-0.004,-2.177,-1.6,2.6,0.86,0.003
0.107,0.513,-0.004,-2.177,-1.6,2.6,0.86,0.003
0.107,0.513,-0.004,-2.177,-1.6,2.6,0.86,0.004
0.107,0.513,-0.004,-2.177,-1.6,2.6,0.86,0.004
0.107,0.513,-0.004,-2.177,-1.6,2.6,0.86,0.005
0.107,0.513,-0.004,-2.177,-1.6,2.6,0.86,0.005
0.107,0.513,-0.004,-2.177,-1.6,2.6,0.86,0.006
0.107,0.513,-0.004,-2.177,-1.6,2.6,0.86,0.006
0.107,0.513,-0.004,-2.177,-1.6,2.6,0.86,0.007
0.107,0.513,-0.004,-2.177,-1.6,2.6,0.86,0.007
0.107,0.513,-0.004,-2.177,-1.6,2.6,0.86,0.008
0.107,0.513,-0.004,-2.177,-1.6,2.6,0.86,0.008
0.107,0.513,-0.004,-2.177,-1.6,2.6,0.86,0.009
0.107,0.513,-0.004,-2.177,-1.6,2.6,0.86,0.009
0.107,0.513,-0.004,-2.177,-1.6,2.6,0.86,0.01
0.107,0.513,-0.004,-2.177,-1.6,2.6,0.86,0.01
0.107,0.513,-0.004,-2.177,-1.6,2.6,0.86,0.011
0.107,0.513,-0.004,-2.177,-1.6,2.6,0.86,0.011
0.107,0.513,-0.004,-2.177,-1.6,2.6,0.86,0.012
0.107,0.513,-0.004,-2.177,-1.6,2.6,0.86,0.012
0.107,0.513,-0.004,-2.177,-1.6,2.6,0.86,0.013
0.107,0.513,-0.004,-2.177,-1.6,2.6,0.86,0.013
0.107,0.513,-0.004,-2.177,-1.6,2.6,0.86,0.014
0.107,0.513,-0.004,-2.177,-1.6,2.6,0.86,0.014
0.107,0.513,-0.004,-2.177,-1.6,2.6,0.86,0.015
0.107,0.513,-0.004,-2.177,-1.6,2.6,0.86,0.015
0.107,0.513,-0.004,-2.177,-1.6,2.6,0.86,0.016
0.107,0.513,-0.004,-2.177,-1.6,2.6,0.86,0.016
0.107,0.513,-0.004,-2.177,-1.6,2.6,0.86,0.017
0.107,0.513,-0.004,-2.177,-1.6,2.6,0.86,0.017
0.107,0.513,-0.004,-2.177,-1.6,2.6,0.86,0.018
0.107,0.513,-0.004,-2.177,-1.6,2.6,0.86,0.018
0.107,0.513,-0.004,-2.177,-1.6,2.6,0.86,0.019
0.107,0.513,-0.004,-2.177,-1.6,2.6,0.86,0.019
0.107,0.513,-0.004,-2.177,-1.6,2.6,0.86,0.02
0.107,0.513,-0.004,-2.177,-1.6,2.6,0.86,0.02
0.107,0.513,-0.004,-2.177,-1.6,2.6,0.86,0.021
0.107,0.513,-0.004,-2.177,-1.6,2.6,0.86,0.021
0.107,0.513,-0.004,-2.177,-1.6,2.6,0.86,0.022
0.107,0.513,-0.004,-2.177,-1.6,2.6,0.86,0.022
0.107,0.513,-0.004,-2.177,-1.6,2.6,0.86,0.023
0.107,0.513,-0.004,-2.177,-1.6,2.6,0.86,0.023
0.107,0.513,-0.004,-2.177,-1.6,2.6,0.86,0.024
0.107,0.513,-0.004,-2.177,-1.6,2.6,0.86,0.024
0.107,0.513,-0.004,-2.177,-1.6,2.6,0.86,0.025
0.107,0.513,-0.004,-2.177,-1.6,2.6,0.86,0.025
0.107,0.513,-0.004,-2.177,-1.6,2.6,0.86,0.026
0.107,0.513,-0.004,-2.177,-1.6,2.6,0.86,0.026
0.107,0.513,-0.004,-2.177,-1.6,2.6,0.86,0.027
0.107,0.513,-0.004,-2.177,-1.6,2.6,0.86,0.027
0.107,0.513,-0.004,-2.177,-1.6,2.6,0.86,0.028
0.107,0.513,-0.004,-2.177,-1.6,2.6,0.86,0.028
0.107,0.513,-0.004,-2.177,-1.6,2.6,0.86,0.029
0.107,0.513,-0.004,-2.177,-1.6,2.6,0.86,0.029
0.107,0.513,-0.004,-2.177,-1.6,2.6,0.86,0.03
0.107,0.513,-0.004,-2.177,-1.6,2.6,0.86,0.03
0.107,0.513,-0.004,-2.177,-1.6,2.6,0.86,0.04
0.107,0.513,-0.004,-2.177,-1.6,2.6,0.86,0.04
0.107,0.0,-0.004,-2.177,-1.6,2.6,0.86,0.04
0.107,0.0,-0.004,-2.177,-1.6,2.6,0.86,0.04
0.0,0.0,-0.004,-2.177,-1.6,2.6,0.86,0.04
0.0,0.0,-0.004,-2.177,-1.6,2.6,0.86,0.04
0.0,0.0,0.0,-2.177,-1.6,2.6,0.86,0.04
0.0,0.0,0.0,-2.177,-1.6,2.6,0.86,0.04
0.0,0.0,0.0,-1.77,-1.6,2.6,0.86,0.04
0.0,0.0,0.0,-1.77,-1.6,2.6,0.86,0.04
0.0,0.0,0.0,-1.77,-1.6,1.6,0.86,0.04
0.0,0.0,0.0,-1.77,-1.6,1.6,0.86,0.04
0.0,0.0,0.0,-1.77,-1.6,1.6,0.79,0.04
0.0,0.0,0.0,-1.77,-1.6,1.6,0.79,0.04
